,firm,sales_2019,sales_pct,sales_pct_squared
0,A,9000,28.391167192429023,806.0583745484581
1,B,8500,26.813880126182966,718.9841674213098
2,C,6200,19.558359621451103,382.52943108200895
3,D,5000,15.772870662460567,248.78344893470927
4,E,2000,6.309148264984227,39.80535182955348
5,F,1000,3.1545741324921135,9.95133795738837
